Antecedent,Consequent,Support,Support_Percentage,Confidence,Lift
"WHITE HANGING HEART T-LIGHT HOLDER, WOOD 2 DRAWER CABINET WHITE FINISH, WOOD S/3 CABINET ANT WHITE FINISH, WOODEN PICTURE FRAME WHITE FINISH",WOODEN FRAME ANTIQUE WHITE,114,0.81%,0.9344,13.2534
"WOOD 2 DRAWER CABINET WHITE FINISH, WOOD S/3 CABINET ANT WHITE FINISH, WOODEN PICTURE FRAME WHITE FINISH",WOODEN FRAME ANTIQUE WHITE,191,1.36%,0.9183,13.0242
"WHITE HANGING HEART T-LIGHT HOLDER, WOOD S/3 CABINET ANT WHITE FINISH, WOODEN FRAME ANTIQUE WHITE, WOODEN PICTURE FRAME WHITE FINISH",WOOD 2 DRAWER CABINET WHITE FINISH,114,0.81%,0.9120,22.2004
"CERAMIC STRAWBERRY CAKE MONEY BANK, SWEETHEART CERAMIC TRINKET BOX",STRAWBERRY CERAMIC TRINKET BOX,127,0.90%,0.8819,9.5748
"RED HANGING HEART T-LIGHT HOLDER, WOODEN FRAME ANTIQUE WHITE",WHITE HANGING HEART T-LIGHT HOLDER,119,0.85%,0.8815,4.2708
"WHITE HANGING HEART T-LIGHT HOLDER, WOOD 2 DRAWER CABINET WHITE FINISH, WOODEN PICTURE FRAME WHITE FINISH",WOODEN FRAME ANTIQUE WHITE,137,0.97%,0.8782,12.4560
"WHITE HANGING HEART T-LIGHT HOLDER, WOOD 2 DRAWER CABINET WHITE FINISH, WOOD S/3 CABINET ANT WHITE FINISH, WOODEN FRAME ANTIQUE WHITE",WOODEN PICTURE FRAME WHITE FINISH,114,0.81%,0.8702,15.1724
"WOOD S/3 CABINET ANT WHITE FINISH, WOODEN PICTURE FRAME WHITE FINISH",WOODEN FRAME ANTIQUE WHITE,224,1.59%,0.8582,12.1728
"WOOD 2 DRAWER CABINET WHITE FINISH, WOOD S/3 CABINET ANT WHITE FINISH, WOODEN FRAME ANTIQUE WHITE",WOODEN PICTURE FRAME WHITE FINISH,191,1.36%,0.8527,14.8664
"WOOD S/3 CABINET ANT WHITE FINISH, WOODEN FRAME ANTIQUE WHITE, WOODEN PICTURE FRAME WHITE FINISH",WOOD 2 DRAWER CABINET WHITE FINISH,191,1.36%,0.8527,20.7564
"RED HANGING HEART T-LIGHT HOLDER, WOODEN PICTURE FRAME WHITE FINISH",WHITE HANGING HEART T-LIGHT HOLDER,112,0.80%,0.8485,4.1109
"LOVE BUILDING BLOCK WORD, RED HANGING HEART T-LIGHT HOLDER",WHITE HANGING HEART T-LIGHT HOLDER,106,0.75%,0.8480,4.1086
"WHITE HANGING HEART T-LIGHT HOLDER, WOOD S/3 CABINET ANT WHITE FINISH, WOODEN PICTURE FRAME WHITE FINISH",WOODEN FRAME ANTIQUE WHITE,125,0.89%,0.8446,11.9793
"HOME BUILDING BLOCK WORD, RED HANGING HEART T-LIGHT HOLDER",WHITE HANGING HEART T-LIGHT HOLDER,111,0.79%,0.8409,4.0742
"WHITE HANGING HEART T-LIGHT HOLDER, WOOD 2 DRAWER CABINET WHITE FINISH, WOODEN FRAME ANTIQUE WHITE",WOODEN PICTURE FRAME WHITE FINISH,137,0.97%,0.8405,14.6539
"WOOD 2 DRAWER CABINET WHITE FINISH, WOODEN PICTURE FRAME WHITE FINISH",WOODEN FRAME ANTIQUE WHITE,232,1.65%,0.8345,11.8366
"TOILET METAL SIGN, WHITE HANGING HEART T-LIGHT HOLDER",BATHROOM METAL SIGN,120,0.85%,0.8333,17.6581
"WHITE HANGING HEART T-LIGHT HOLDER, WOOD 2 DRAWER CABINET WHITE FINISH, WOODEN FRAME ANTIQUE WHITE, WOODEN PICTURE FRAME WHITE FINISH",WOOD S/3 CABINET ANT WHITE FINISH,114,0.81%,0.8321,18.0399
"60 TEATIME FAIRY CAKE CASES, SWEETHEART CERAMIC TRINKET BOX",STRAWBERRY CERAMIC TRINKET BOX,115,0.82%,0.8273,8.9820
"WHITE HANGING HEART T-LIGHT HOLDER, WOOD S/3 CABINET ANT WHITE FINISH, WOODEN PICTURE FRAME WHITE FINISH",WOOD 2 DRAWER CABINET WHITE FINISH,122,0.87%,0.8243,20.0662
"WOOD 2 DRAWER CABINET WHITE FINISH, WOODEN FRAME ANTIQUE WHITE, WOODEN PICTURE FRAME WHITE FINISH",WOOD S/3 CABINET ANT WHITE FINISH,191,1.36%,0.8233,17.8482
"72 SWEETHEART FAIRY CAKE CASES, PACK OF 60 DINOSAUR CAKE CASES, PACK OF 72 RETRO SPOT CAKE CASES",60 TEATIME FAIRY CAKE CASES,103,0.73%,0.8175,10.1515
"HEART OF WICKER LARGE, RED HANGING HEART T-LIGHT HOLDER",WHITE HANGING HEART T-LIGHT HOLDER,123,0.87%,0.8039,3.8950
"WHITE HANGING HEART T-LIGHT HOLDER, WOOD 2 DRAWER CABINET WHITE FINISH, WOODEN FRAME ANTIQUE WHITE",WOOD S/3 CABINET ANT WHITE FINISH,131,0.93%,0.8037,17.4234
"SWEETHEART CERAMIC TRINKET BOX, WHITE HANGING HEART T-LIGHT HOLDER",STRAWBERRY CERAMIC TRINKET BOX,167,1.19%,0.7990,8.6748
"WOOD S/3 CABINET ANT WHITE FINISH, WOODEN PICTURE FRAME WHITE FINISH",WOOD 2 DRAWER CABINET WHITE FINISH,208,1.48%,0.7969,19.3994
TOILET METAL SIGN,BATHROOM METAL SIGN,344,2.44%,0.7963,16.8733
"CREAM CUPID HEARTS COAT HANGER, WOODEN PICTURE FRAME WHITE FINISH",WOODEN FRAME ANTIQUE WHITE,116,0.82%,0.7945,11.2691
"PINK 3 PIECE MINI DOTS CUTLERY SET, RED 3 PIECE MINI DOTS CUTLERY SET",BLUE 3 PIECE MINI DOTS CUTLERY SET,187,1.33%,0.7857,24.8986
"WHITE HANGING HEART T-LIGHT HOLDER, WOOD S/3 CABINET ANT WHITE FINISH, WOODEN FRAME ANTIQUE WHITE",WOOD 2 DRAWER CABINET WHITE FINISH,131,0.93%,0.7844,19.0951
"CREAM CUPID HEARTS COAT HANGER, WOODEN FRAME ANTIQUE WHITE",WOODEN PICTURE FRAME WHITE FINISH,116,0.82%,0.7838,13.6652
"WHITE HANGING HEART T-LIGHT HOLDER, WOOD 2 DRAWER CABINET WHITE FINISH, WOODEN PICTURE FRAME WHITE FINISH",WOOD S/3 CABINET ANT WHITE FINISH,122,0.87%,0.7821,16.9545
"WOOD 2 DRAWER CABINET WHITE FINISH, WOODEN FRAME ANTIQUE WHITE",WOODEN PICTURE FRAME WHITE FINISH,232,1.65%,0.7811,13.6192
"72 SWEETHEART FAIRY CAKE CASES, PACK OF 60 DINOSAUR CAKE CASES, PACK OF 60 PINK PAISLEY CAKE CASES",60 TEATIME FAIRY CAKE CASES,107,0.76%,0.7754,9.6287
"LUNCH BAG CARS BLUE, LUNCH BAG PINK RETROSPOT, LUNCH BAG SPACEBOY DESIGN",LUNCH BAG SUKI  DESIGN,119,0.85%,0.7727,11.4205
SWEETHEART CERAMIC TRINKET BOX,STRAWBERRY CERAMIC TRINKET BOX,622,4.42%,0.7727,8.3885
"WHITE HANGING HEART T-LIGHT HOLDER, WOOD S/3 CABINET ANT WHITE FINISH, WOODEN PICTURE FRAME WHITE FINISH","WOOD 2 DRAWER CABINET WHITE FINISH, WOODEN FRAME ANTIQUE WHITE",114,0.81%,0.7703,36.4906
"LUNCH BAG PINK RETROSPOT, LUNCH BAG SUKI  DESIGN, LUNCH BAG WOODLAND",LUNCH BAG RED SPOTTY,118,0.84%,0.7662,10.2092
"LUNCH BAG CARS BLUE, LUNCH BAG RED SPOTTY, LUNCH BAG SPACEBOY DESIGN",LUNCH BAG SUKI  DESIGN,112,0.80%,0.7619,11.2605
"LUNCH BAG CARS BLUE, LUNCH BAG SPACEBOY DESIGN, LUNCH BAG WOODLAND",LUNCH BAG SUKI  DESIGN,134,0.95%,0.7571,11.1889
"WOOD 2 DRAWER CABINET WHITE FINISH, WOODEN FRAME ANTIQUE WHITE",WOOD S/3 CABINET ANT WHITE FINISH,224,1.59%,0.7542,16.3509
"WHITE HANGING HEART T-LIGHT HOLDER, WOOD 2 DRAWER CABINET WHITE FINISH, WOOD S/3 CABINET ANT WHITE FINISH",WOODEN FRAME ANTIQUE WHITE,131,0.93%,0.7529,10.6784
"72 SWEETHEART FAIRY CAKE CASES, PACK OF 60 PINK PAISLEY CAKE CASES, PACK OF 72 RETRO SPOT CAKE CASES",60 TEATIME FAIRY CAKE CASES,115,0.82%,0.7516,9.3341
"WHITE HANGING HEART T-LIGHT HOLDER, WOOD S/3 CABINET ANT WHITE FINISH, WOODEN FRAME ANTIQUE WHITE",WOODEN PICTURE FRAME WHITE FINISH,125,0.89%,0.7485,13.0501
"LUNCH BAG CARS BLUE, LUNCH BAG PINK RETROSPOT, LUNCH BAG WOODLAND",LUNCH BAG RED SPOTTY,110,0.78%,0.7483,9.9702
"WOOD 2 DRAWER CABINET WHITE FINISH, WOODEN PICTURE FRAME WHITE FINISH",WOOD S/3 CABINET ANT WHITE FINISH,208,1.48%,0.7482,16.2206
"LUNCH BAG  BLACK SKULL., LUNCH BAG SUKI  DESIGN, LUNCH BAG WOODLAND",LUNCH BAG SPACEBOY DESIGN,130,0.92%,0.7471,11.5644
"LUNCH BAG  BLACK SKULL., LUNCH BAG CARS BLUE, LUNCH BAG SPACEBOY DESIGN",LUNCH BAG SUKI  DESIGN,120,0.85%,0.7453,11.0157
"LUNCH BAG PINK RETROSPOT, LUNCH BAG SPACEBOY DESIGN, LUNCH BAG WOODLAND",LUNCH BAG RED SPOTTY,109,0.77%,0.7415,9.8796
"JUMBO BAG PINK WITH WHITE SPOTS, LUNCH BAG RED SPOTTY",LUNCH BAG PINK RETROSPOT,137,0.97%,0.7405,14.3518
"LUNCH BAG  BLACK SKULL., LUNCH BAG PINK RETROSPOT, LUNCH BAG WOODLAND",LUNCH BAG RED SPOTTY,108,0.77%,0.7397,9.8560
"REGENCY CAKESTAND 3 TIER, SWEETHEART CERAMIC TRINKET BOX",STRAWBERRY CERAMIC TRINKET BOX,102,0.72%,0.7391,8.0244
RED HANGING HEART T-LIGHT HOLDER,WHITE HANGING HEART T-LIGHT HOLDER,722,5.13%,0.7382,3.5768
"LUNCH BAG PINK RETROSPOT, LUNCH BAG SPACEBOY DESIGN, LUNCH BAG WOODLAND",LUNCH BAG SUKI  DESIGN,108,0.77%,0.7347,10.8583
"LUNCH BAG CARS BLUE, LUNCH BAG SUKI  DESIGN, LUNCH BAG WOODLAND",LUNCH BAG SPACEBOY DESIGN,134,0.95%,0.7322,11.3340
"PACK OF 60 DINOSAUR CAKE CASES, PACK OF 60 PINK PAISLEY CAKE CASES, PACK OF 72 RETRO SPOT CAKE CASES",60 TEATIME FAIRY CAKE CASES,112,0.80%,0.7320,9.0906
"WOOD S/3 CABINET ANT WHITE FINISH, WOODEN PICTURE FRAME WHITE FINISH","WOOD 2 DRAWER CABINET WHITE FINISH, WOODEN FRAME ANTIQUE WHITE",191,1.36%,0.7318,34.6681
"WHITE HANGING HEART T-LIGHT HOLDER, WOOD 2 DRAWER CABINET WHITE FINISH, WOODEN PICTURE FRAME WHITE FINISH","WOOD S/3 CABINET ANT WHITE FINISH, WOODEN FRAME ANTIQUE WHITE",114,0.81%,0.7308,32.7450
"JUMBO STORAGE BAG SUKI, LUNCH BAG PINK RETROSPOT",LUNCH BAG SUKI  DESIGN,119,0.85%,0.7301,10.7899
"FELTCRAFT 6 FLOWER FRIENDS, PINK BLUE FELT CRAFT TRINKET BOX",PINK CREAM FELT CRAFT TRINKET BOX,116,0.82%,0.7250,14.5103
"FELTCRAFT BUTTERFLY HEARTS, PINK BLUE FELT CRAFT TRINKET BOX",PINK CREAM FELT CRAFT TRINKET BOX,112,0.80%,0.7226,14.4619
"JUMBO BAG PINK WITH WHITE SPOTS, LUNCH BAG SUKI  DESIGN",LUNCH BAG PINK RETROSPOT,114,0.81%,0.7215,13.9832
"LUNCH BAG CARS BLUE, LUNCH BAG PINK RETROSPOT, LUNCH BAG SUKI  DESIGN",LUNCH BAG SPACEBOY DESIGN,119,0.85%,0.7212,11.1633
"LUNCH BAG PINK RETROSPOT, LUNCH BAG WOODLAND",LUNCH BAG RED SPOTTY,183,1.30%,0.7205,9.5995
"JUMBO STORAGE BAG SUKI, LUNCH BAG SPACEBOY DESIGN",LUNCH BAG SUKI  DESIGN,126,0.90%,0.7200,10.6412
"WHITE HANGING HEART T-LIGHT HOLDER, WOODEN PICTURE FRAME WHITE FINISH",WOODEN FRAME ANTIQUE WHITE,275,1.95%,0.7180,10.1840
"LUNCH BAG RED SPOTTY, STRAWBERRY CHARLOTTE BAG",RED SPOTTY CHARLOTTE BAG,103,0.73%,0.7153,17.2033
"LUNCH BAG  BLACK SKULL., LUNCH BAG PINK RETROSPOT, LUNCH BAG SUKI  DESIGN",LUNCH BAG SPACEBOY DESIGN,115,0.82%,0.7143,11.0561
"LUNCH BAG  BLACK SKULL., LUNCH BAG SPACEBOY DESIGN, LUNCH BAG WOODLAND",LUNCH BAG SUKI  DESIGN,130,0.92%,0.7143,10.5567
"LUNCH BAG  BLACK SKULL., LUNCH BAG PINK RETROSPOT, LUNCH BAG SUKI  DESIGN",LUNCH BAG RED SPOTTY,115,0.82%,0.7143,9.5170
"WOOD S/3 CABINET ANT WHITE FINISH, WOODEN FRAME ANTIQUE WHITE",WOOD 2 DRAWER CABINET WHITE FINISH,224,1.59%,0.7134,17.3654
"WOOD S/3 CABINET ANT WHITE FINISH, WOODEN FRAME ANTIQUE WHITE",WOODEN PICTURE FRAME WHITE FINISH,224,1.59%,0.7134,12.4377
"72 SWEETHEART FAIRY CAKE CASES, PACK OF 60 DINOSAUR CAKE CASES",60 TEATIME FAIRY CAKE CASES,173,1.23%,0.7119,8.8411
"LUNCH BAG CARS BLUE, LUNCH BAG RED SPOTTY, LUNCH BAG SPACEBOY DESIGN",LUNCH BAG PINK RETROSPOT,104,0.74%,0.7075,13.7111
"LUNCH BAG RED SPOTTY, LUNCH BAG SUKI  DESIGN, LUNCH BAG WOODLAND",LUNCH BAG PINK RETROSPOT,118,0.84%,0.7066,13.6938
"LUNCH BAG PINK RETROSPOT, LUNCH BAG SUKI  DESIGN, LUNCH BAG WOODLAND",LUNCH BAG SPACEBOY DESIGN,108,0.77%,0.7013,10.8551
"WHITE HANGING HEART T-LIGHT HOLDER, WOOD 2 DRAWER CABINET WHITE FINISH, WOOD S/3 CABINET ANT WHITE FINISH",WOODEN PICTURE FRAME WHITE FINISH,122,0.87%,0.7011,12.2245
"WHITE HANGING HEART T-LIGHT HOLDER, WOOD 2 DRAWER CABINET WHITE FINISH, WOODEN FRAME ANTIQUE WHITE","WOOD S/3 CABINET ANT WHITE FINISH, WOODEN PICTURE FRAME WHITE FINISH",114,0.81%,0.6994,37.7026
"72 SWEETHEART FAIRY CAKE CASES, PACK OF 60 PINK PAISLEY CAKE CASES",60 TEATIME FAIRY CAKE CASES,207,1.47%,0.6993,8.6845
"72 SWEETHEART FAIRY CAKE CASES, PACK OF 60 MUSHROOM CAKE CASES",60 TEATIME FAIRY CAKE CASES,109,0.77%,0.6987,8.6769
"HAND WARMER BIRD DESIGN, HAND WARMER UNION JACK",HAND WARMER OWL DESIGN,125,0.89%,0.6983,18.0614
"LUNCH BAG  BLACK SKULL., LUNCH BAG PINK RETROSPOT, LUNCH BAG SPACEBOY DESIGN",LUNCH BAG RED SPOTTY,117,0.83%,0.6964,9.2791
"PACK OF 60 DINOSAUR CAKE CASES, PACK OF 72 SKULL CAKE CASES",60 TEATIME FAIRY CAKE CASES,165,1.17%,0.6962,8.6457
"LUNCH BAG RED SPOTTY, LUNCH BAG SPACEBOY DESIGN, LUNCH BAG WOODLAND",LUNCH BAG PINK RETROSPOT,109,0.77%,0.6943,13.4550
PINK 3 PIECE MINI DOTS CUTLERY SET,BLUE 3 PIECE MINI DOTS CUTLERY SET,286,2.03%,0.6942,21.9978
"LUNCH BAG CARS BLUE, LUNCH BAG SPACEBOY DESIGN",LUNCH BAG SUKI  DESIGN,217,1.54%,0.6933,10.2464
"LUNCH BAG  BLACK SKULL., LUNCH BAG RED SPOTTY, LUNCH BAG SUKI  DESIGN",LUNCH BAG PINK RETROSPOT,115,0.82%,0.6928,13.4260
"LUNCH BAG  BLACK SKULL., LUNCH BAG CARS BLUE, LUNCH BAG SPACEBOY DESIGN",LUNCH BAG WOODLAND,111,0.79%,0.6894,12.3730
"WOOD 2 DRAWER CABINET WHITE FINISH, WOODEN PICTURE FRAME WHITE FINISH","WOOD S/3 CABINET ANT WHITE FINISH, WOODEN FRAME ANTIQUE WHITE",191,1.36%,0.6871,30.7860
WOODEN PICTURE FRAME WHITE FINISH,WOODEN FRAME ANTIQUE WHITE,554,3.94%,0.6865,9.7369
"60 TEATIME FAIRY CAKE CASES, SET/20 RED SPOTTY PAPER NAPKINS",PACK OF 72 RETRO SPOT CAKE CASES,113,0.80%,0.6848,8.3427
"LUNCH BAG  BLACK SKULL., LUNCH BAG PINK RETROSPOT, LUNCH BAG SPACEBOY DESIGN",LUNCH BAG SUKI  DESIGN,115,0.82%,0.6845,10.1169
"72 SWEETHEART FAIRY CAKE CASES, PACK OF 60 SPACEBOY CAKE CASES",60 TEATIME FAIRY CAKE CASES,104,0.74%,0.6842,8.4968
"JUMBO STORAGE BAG SUKI, LUNCH BAG  BLACK SKULL.",LUNCH BAG SUKI  DESIGN,132,0.94%,0.6839,10.1082
"JUMBO STORAGE BAG SUKI, LUNCH BAG WOODLAND",LUNCH BAG SUKI  DESIGN,106,0.75%,0.6839,10.1072
"PLASTERS IN TIN SPACEBOY, PLASTERS IN TIN STRONGMAN",PLASTERS IN TIN CIRCUS PARADE,134,0.95%,0.6837,16.0321
"WHITE HANGING HEART T-LIGHT HOLDER, WOOD S/3 CABINET ANT WHITE FINISH, WOODEN FRAME ANTIQUE WHITE","WOOD 2 DRAWER CABINET WHITE FINISH, WOODEN PICTURE FRAME WHITE FINISH",114,0.81%,0.6826,34.5492
"LUNCH BAG RED SPOTTY, LUNCH BAG SPACEBOY DESIGN, LUNCH BAG WOODLAND",LUNCH BAG SUKI  DESIGN,107,0.76%,0.6815,10.0726
"JUMBO BAG STRAWBERRY, LUNCH BAG PINK RETROSPOT",JUMBO BAG PINK WITH WHITE SPOTS,101,0.72%,0.6779,13.4709
"JUMBO  BAG BAROQUE BLACK WHITE, JUMBO STORAGE BAG SKULLS",JUMBO STORAGE BAG SUKI,124,0.88%,0.6776,9.9310
"PACK OF 60 DINOSAUR CAKE CASES, PACK OF 72 RETRO SPOT CAKE CASES",60 TEATIME FAIRY CAKE CASES,189,1.34%,0.6774,8.4124
"HAND WARMER BIRD DESIGN, HAND WARMER SCOTTY DOG DESIGN",HAND WARMER OWL DESIGN,172,1.22%,0.6772,17.5142
"LUNCH BAG CARS BLUE, LUNCH BAG PINK RETROSPOT, LUNCH BAG SPACEBOY DESIGN",LUNCH BAG RED SPOTTY,104,0.74%,0.6753,8.9979
"JUMBO STORAGE BAG SUKI, LUNCH BAG CARS BLUE",LUNCH BAG SUKI  DESIGN,126,0.90%,0.6738,9.9583
"PACK OF 60 PINK PAISLEY CAKE CASES, PACK OF 60 SPACEBOY CAKE CASES",60 TEATIME FAIRY CAKE CASES,138,0.98%,0.6732,8.3597
"LUNCH BAG CARS BLUE, LUNCH BAG PINK RETROSPOT, LUNCH BAG SUKI  DESIGN",LUNCH BAG RED SPOTTY,111,0.79%,0.6727,8.9633
"JUMBO BAG STRAWBERRY, JUMBO STORAGE BAG SKULLS",JUMBO STORAGE BAG SUKI,117,0.83%,0.6724,9.8551
"PACK OF 60 PINK PAISLEY CAKE CASES, PACK OF 72 SKULL CAKE CASES",60 TEATIME FAIRY CAKE CASES,158,1.12%,0.6723,8.3494
"PACK OF 60 DINOSAUR CAKE CASES, PACK OF 60 PINK PAISLEY CAKE CASES",60 TEATIME FAIRY CAKE CASES,196,1.39%,0.6712,8.3356
"60 TEATIME FAIRY CAKE CASES, LUNCH BAG RED SPOTTY",PACK OF 72 RETRO SPOT CAKE CASES,104,0.74%,0.6710,8.1736
"72 SWEETHEART FAIRY CAKE CASES, PACK OF 60 MUSHROOM CAKE CASES",PACK OF 60 PINK PAISLEY CAKE CASES,104,0.74%,0.6667,10.1515
"CERAMIC STRAWBERRY CAKE MONEY BANK, STRAWBERRY CERAMIC TRINKET BOX",SWEETHEART CERAMIC TRINKET BOX,127,0.90%,0.6649,11.6217
"LUNCH BAG PINK RETROSPOT, LUNCH BAG RED SPOTTY, LUNCH BAG SPACEBOY DESIGN",LUNCH BAG SUKI  DESIGN,119,0.85%,0.6648,9.8254
"JUMBO BAG SPACEBOY DESIGN, LUNCH BAG SUKI  DESIGN",LUNCH BAG SPACEBOY DESIGN,101,0.72%,0.6645,10.2851
BLUE 3 PIECE MINI DOTS CUTLERY SET,RED 3 PIECE MINI DOTS CUTLERY SET,295,2.10%,0.6644,20.4558
"JUMBO BAG STRAWBERRY, LUNCH BAG SUKI  DESIGN",JUMBO STORAGE BAG SUKI,108,0.77%,0.6626,9.7109
"LUNCH BAG SPACEBOY DESIGN, LUNCH BAG SUKI  DESIGN, LUNCH BAG WOODLAND",LUNCH BAG CARS BLUE,134,0.95%,0.6601,10.9653
"HAND WARMER SCOTTY DOG DESIGN, HAND WARMER UNION JACK",HAND WARMER OWL DESIGN,120,0.85%,0.6593,17.0532
"72 SWEETHEART FAIRY CAKE CASES, PACK OF 60 SPACEBOY CAKE CASES",PACK OF 60 DINOSAUR CAKE CASES,100,0.71%,0.6579,15.1747
"PACK OF 60 DINOSAUR CAKE CASES, PACK OF 60 SPACEBOY CAKE CASES",60 TEATIME FAIRY CAKE CASES,142,1.01%,0.6574,8.1639
"LUNCH BAG  BLACK SKULL., LUNCH BAG SUKI  DESIGN, LUNCH BAG WOODLAND",LUNCH BAG CARS BLUE,114,0.81%,0.6552,10.8834
"WHITE HANGING HEART T-LIGHT HOLDER, WOOD 2 DRAWER CABINET WHITE FINISH, WOOD S/3 CABINET ANT WHITE FINISH","WOODEN FRAME ANTIQUE WHITE, WOODEN PICTURE FRAME WHITE FINISH",114,0.81%,0.6552,16.6395
"LUNCH BAG CARS BLUE, LUNCH BAG RED SPOTTY, LUNCH BAG SUKI  DESIGN",LUNCH BAG SPACEBOY DESIGN,112,0.80%,0.6550,10.1380
"LUNCH BAG  BLACK SKULL., LUNCH BAG CARS BLUE, LUNCH BAG RED SPOTTY",LUNCH BAG WOODLAND,106,0.75%,0.6543,11.7427
"PACK OF 60 DINOSAUR CAKE CASES, PACK OF 60 MUSHROOM CAKE CASES",60 TEATIME FAIRY CAKE CASES,123,0.87%,0.6543,8.1248
"BLUE 3 PIECE MINI DOTS CUTLERY SET, PINK 3 PIECE MINI DOTS CUTLERY SET",RED 3 PIECE MINI DOTS CUTLERY SET,187,1.33%,0.6538,20.1304
"LUNCH BAG  BLACK SKULL., LUNCH BAG RED SPOTTY, LUNCH BAG SPACEBOY DESIGN",LUNCH BAG PINK RETROSPOT,117,0.83%,0.6536,12.6675
"LUNCH BAG PINK RETROSPOT, LUNCH BAG RED SPOTTY, LUNCH BAG SPACEBOY DESIGN",LUNCH BAG  BLACK SKULL.,117,0.83%,0.6536,9.5499
"LUNCH BAG  BLACK SKULL., LUNCH BAG PINK RETROSPOT",LUNCH BAG RED SPOTTY,188,1.34%,0.6528,8.6975
"LUNCH BAG  BLACK SKULL., LUNCH BAG CARS BLUE, LUNCH BAG SUKI  DESIGN",LUNCH BAG SPACEBOY DESIGN,120,0.85%,0.6522,10.0947
"JUMBO BAG SPACEBOY DESIGN, JUMBO BAG STRAWBERRY",JUMBO STORAGE BAG SUKI,102,0.72%,0.6497,9.5219
"LUNCH BAG CARS BLUE, LUNCH BAG RED SPOTTY, LUNCH BAG SUKI  DESIGN",LUNCH BAG PINK RETROSPOT,111,0.79%,0.6491,12.5801
"PLASTERS IN TIN STRONGMAN, PLASTERS IN TIN WOODLAND ANIMALS",PLASTERS IN TIN CIRCUS PARADE,103,0.73%,0.6478,15.1909
"JUMBO BAG PINK WITH WHITE SPOTS, LUNCH BAG SUKI  DESIGN",JUMBO STORAGE BAG SUKI,102,0.72%,0.6456,9.4616
RED 3 PIECE MINI DOTS CUTLERY SET,BLUE 3 PIECE MINI DOTS CUTLERY SET,295,2.10%,0.6455,20.4558
"LUNCH BAG PINK RETROSPOT, LUNCH BAG RED SPOTTY, LUNCH BAG WOODLAND",LUNCH BAG SUKI  DESIGN,118,0.84%,0.6448,9.5299
BLUE 3 PIECE MINI DOTS CUTLERY SET,PINK 3 PIECE MINI DOTS CUTLERY SET,286,2.03%,0.6441,21.9978
DOLLY GIRL LUNCH BOX,SPACEBOY LUNCH BOX,257,1.83%,0.6441,21.6292
"WOOD 2 DRAWER CABINET WHITE FINISH, WOODEN FRAME ANTIQUE WHITE","WOOD S/3 CABINET ANT WHITE FINISH, WOODEN PICTURE FRAME WHITE FINISH",191,1.36%,0.6431,34.6681
"LUNCH BAG  BLACK SKULL., LUNCH BAG RED SPOTTY, LUNCH BAG WOODLAND",LUNCH BAG PINK RETROSPOT,108,0.77%,0.6429,12.4587
"SINGLE HEART ZINC T-LIGHT HOLDER, WHITE HANGING HEART T-LIGHT HOLDER",HANGING HEART ZINC T-LIGHT HOLDER,115,0.82%,0.6425,12.4167
"JUMBO BAG PINK VINTAGE PAISLEY, JUMBO BAG STRAWBERRY",JUMBO BAG SCANDINAVIAN PAISLEY,158,1.12%,0.6423,14.2988
"60 TEATIME FAIRY CAKE CASES, PACK OF 60 MUSHROOM CAKE CASES",PACK OF 60 PINK PAISLEY CAKE CASES,131,0.93%,0.6422,9.7783
"72 SWEETHEART FAIRY CAKE CASES, PACK OF 72 RETRO SPOT CAKE CASES",60 TEATIME FAIRY CAKE CASES,183,1.30%,0.6421,7.9739
"CHOCOLATE THIS WAY METAL SIGN, COOK WITH WINE METAL SIGN",GIN + TONIC DIET METAL SIGN,100,0.71%,0.6410,12.1717
"LUNCH BAG RED SPOTTY, LUNCH BAG SUKI  DESIGN, LUNCH BAG WOODLAND",LUNCH BAG SPACEBOY DESIGN,107,0.76%,0.6407,9.9174
"LUNCH BAG SPACEBOY DESIGN, LUNCH BAG SUKI  DESIGN, LUNCH BAG WOODLAND",LUNCH BAG  BLACK SKULL.,130,0.92%,0.6404,9.3565
"JUMBO BAG PINK WITH WHITE SPOTS, JUMBO BAG SCANDINAVIAN PAISLEY",JUMBO BAG STRAWBERRY,119,0.85%,0.6398,10.3469
"WHITE HANGING HEART T-LIGHT HOLDER, WOOD 2 DRAWER CABINET WHITE FINISH",WOOD S/3 CABINET ANT WHITE FINISH,174,1.24%,0.6397,13.8685
"LUNCH BAG  BLACK SKULL., LUNCH BAG RED SPOTTY, LUNCH BAG SUKI  DESIGN",LUNCH BAG SPACEBOY DESIGN,106,0.75%,0.6386,9.8839
"72 SWEETHEART FAIRY CAKE CASES, PACK OF 72 SKULL CAKE CASES",60 TEATIME FAIRY CAKE CASES,128,0.91%,0.6368,7.9082
"WOOD 2 DRAWER CABINET WHITE FINISH, WOOD S/3 CABINET ANT WHITE FINISH",WOODEN FRAME ANTIQUE WHITE,224,1.59%,0.6346,9.0003
"BLUE 3 PIECE MINI DOTS CUTLERY SET, RED 3 PIECE MINI DOTS CUTLERY SET",PINK 3 PIECE MINI DOTS CUTLERY SET,187,1.33%,0.6339,21.6479
"JUMBO STORAGE BAG SUKI, LUNCH BAG PINK RETROSPOT",LUNCH BAG RED SPOTTY,103,0.73%,0.6319,8.4194
"LUNCH BAG  BLACK SKULL., LUNCH BAG RED SPOTTY, LUNCH BAG WOODLAND",LUNCH BAG CARS BLUE,106,0.75%,0.6310,10.4811
"JUMBO BAG PINK VINTAGE PAISLEY, JUMBO BAG PINK WITH WHITE SPOTS",JUMBO BAG SCANDINAVIAN PAISLEY,100,0.71%,0.6289,14.0017
"COOK WITH WINE METAL SIGN, HAND OVER THE CHOCOLATE   SIGN",GIN + TONIC DIET METAL SIGN,154,1.09%,0.6286,11.9352
"60 TEATIME FAIRY CAKE CASES, 72 SWEETHEART FAIRY CAKE CASES, PACK OF 72 RETRO SPOT CAKE CASES",PACK OF 60 PINK PAISLEY CAKE CASES,115,0.82%,0.6284,9.5691
"LUNCH BAG CARS BLUE, LUNCH BAG SPACEBOY DESIGN, LUNCH BAG WOODLAND",LUNCH BAG  BLACK SKULL.,111,0.79%,0.6271,9.1626
"LUNCH BAG SUKI  DESIGN, LUNCH BAG WOODLAND",LUNCH BAG SPACEBOY DESIGN,203,1.44%,0.6265,9.6980
"LUNCH BAG RED SPOTTY, LUNCH BAG SPACEBOY DESIGN, LUNCH BAG SUKI  DESIGN",LUNCH BAG PINK RETROSPOT,119,0.85%,0.6263,12.1381
"JUMBO  BAG BAROQUE BLACK WHITE, JUMBO BAG PINK VINTAGE PAISLEY",JUMBO BAG SCANDINAVIAN PAISLEY,124,0.88%,0.6263,13.9423
"JUMBO BAG PINK WITH WHITE SPOTS, JUMBO STORAGE BAG SKULLS",JUMBO STORAGE BAG SUKI,106,0.75%,0.6235,9.1386
"STRAWBERRY CHARLOTTE BAG, WOODLAND CHARLOTTE BAG",RED SPOTTY CHARLOTTE BAG,119,0.85%,0.6230,14.9848
"LUNCH BAG PINK RETROSPOT, LUNCH BAG SPACEBOY DESIGN, LUNCH BAG SUKI  DESIGN",LUNCH BAG CARS BLUE,119,0.85%,0.6230,10.3496
"LUNCH BAG PINK RETROSPOT, LUNCH BAG SPACEBOY DESIGN, LUNCH BAG SUKI  DESIGN",LUNCH BAG RED SPOTTY,119,0.85%,0.6230,8.3013
"LUNCH BAG CARS BLUE, LUNCH BAG SUKI  DESIGN, LUNCH BAG WOODLAND",LUNCH BAG  BLACK SKULL.,114,0.81%,0.6230,9.1017
"LUNCH BAG  BLACK SKULL., LUNCH BAG PINK RETROSPOT, LUNCH BAG RED SPOTTY",LUNCH BAG SPACEBOY DESIGN,117,0.83%,0.6223,9.6329
"WHITE HANGING HEART T-LIGHT HOLDER, WOODEN FRAME ANTIQUE WHITE",WOODEN PICTURE FRAME WHITE FINISH,275,1.95%,0.6222,10.8475
"LUNCH BAG PINK RETROSPOT, LUNCH BAG SUKI  DESIGN",LUNCH BAG RED SPOTTY,204,1.45%,0.6220,8.2868
"HEART OF WICKER SMALL, WHITE HANGING HEART T-LIGHT HOLDER",HEART OF WICKER LARGE,197,1.40%,0.6215,8.8500
"CHOCOLATE HOT WATER BOTTLE, RED WOOLLY HOTTIE WHITE HEART.",HOT WATER BOTTLE TEA AND SYMPATHY,100,0.71%,0.6211,10.5929
"COOK WITH WINE METAL SIGN, PLEASE ONE PERSON METAL SIGN",GIN + TONIC DIET METAL SIGN,154,1.09%,0.6210,11.7908
"LUNCH BAG  BLACK SKULL., LUNCH BAG CARS BLUE, LUNCH BAG SUKI  DESIGN",LUNCH BAG WOODLAND,114,0.81%,0.6196,11.1190
"LUNCH BAG  BLACK SKULL., LUNCH BAG SPACEBOY DESIGN, LUNCH BAG SUKI  DESIGN",LUNCH BAG WOODLAND,130,0.92%,0.6190,11.1097
"JUMBO BAG SPACEBOY DESIGN, JUMBO SHOPPER VINTAGE RED PAISLEY",JUMBO STORAGE BAG SUKI,125,0.89%,0.6188,9.0695
"JUMBO BAG OWLS, JUMBO BAG RED RETROSPOT",JUMBO STORAGE BAG SUKI,112,0.80%,0.6188,9.0691
"60 TEATIME FAIRY CAKE CASES, 72 SWEETHEART FAIRY CAKE CASES, PACK OF 60 DINOSAUR CAKE CASES",PACK OF 60 PINK PAISLEY CAKE CASES,107,0.76%,0.6185,9.4180
"LUNCH BAG CARS BLUE, LUNCH BAG SPACEBOY DESIGN, LUNCH BAG SUKI  DESIGN",LUNCH BAG WOODLAND,134,0.95%,0.6175,11.0821
PINK BLUE FELT CRAFT TRINKET BOX,PINK CREAM FELT CRAFT TRINKET BOX,347,2.47%,0.6174,12.3575
"JUMBO  BAG BAROQUE BLACK WHITE, JUMBO BAG PINK WITH WHITE SPOTS",JUMBO BAG STRAWBERRY,119,0.85%,0.6166,9.9716
"PACK OF 60 MUSHROOM CAKE CASES, PACK OF 60 PINK PAISLEY CAKE CASES",60 TEATIME FAIRY CAKE CASES,131,0.93%,0.6150,7.6376
"CHOCOLATE THIS WAY METAL SIGN, GIN + TONIC DIET METAL SIGN",HAND OVER THE CHOCOLATE   SIGN,105,0.75%,0.6140,11.9001
SPACEBOY LUNCH BOX,DOLLY GIRL LUNCH BOX,257,1.83%,0.6134,21.6292
"LUNCH BAG CARS BLUE, LUNCH BAG PINK RETROSPOT, LUNCH BAG RED SPOTTY",LUNCH BAG SUKI  DESIGN,111,0.79%,0.6133,9.0636
"JUMBO BAG OWLS, JUMBO BAG STRAWBERRY",JUMBO STORAGE BAG SUKI,115,0.82%,0.6117,8.9653
"LUNCH BAG  BLACK SKULL., LUNCH BAG PINK RETROSPOT, LUNCH BAG RED SPOTTY",LUNCH BAG SUKI  DESIGN,115,0.82%,0.6117,9.0406
"LUNCH BAG SPACEBOY DESIGN, LUNCH BAG WOODLAND",LUNCH BAG SUKI  DESIGN,203,1.44%,0.6114,9.0368
"LUNCH BAG RED SPOTTY, LUNCH BAG SUKI  DESIGN, LUNCH BAG WOODLAND",LUNCH BAG CARS BLUE,102,0.72%,0.6108,10.1460
WOOD 2 DRAWER CABINET WHITE FINISH,WOOD S/3 CABINET ANT WHITE FINISH,353,2.51%,0.6107,13.2403
"WHITE HANGING HEART T-LIGHT HOLDER, WOOD S/3 CABINET ANT WHITE FINISH",WOOD 2 DRAWER CABINET WHITE FINISH,174,1.24%,0.6105,14.8618
"LUNCH BAG  BLACK SKULL., LUNCH BAG SPACEBOY DESIGN, LUNCH BAG WOODLAND",LUNCH BAG CARS BLUE,111,0.79%,0.6099,10.1312
"LUNCH BAG PINK RETROSPOT, LUNCH BAG RED SPOTTY, LUNCH BAG SPACEBOY DESIGN",LUNCH BAG WOODLAND,109,0.77%,0.6089,10.9283
"JUMBO BAG PINK VINTAGE PAISLEY, JUMBO SHOPPER VINTAGE RED PAISLEY",JUMBO BAG SCANDINAVIAN PAISLEY,140,1.00%,0.6087,13.5512
"WOOD S/3 CABINET ANT WHITE FINISH, WOODEN FRAME ANTIQUE WHITE","WOOD 2 DRAWER CABINET WHITE FINISH, WOODEN PICTURE FRAME WHITE FINISH",191,1.36%,0.6083,30.7860
"LUNCH BAG CARS BLUE, LUNCH BAG PINK RETROSPOT, LUNCH BAG RED SPOTTY",LUNCH BAG WOODLAND,110,0.78%,0.6077,10.9067
"LUNCH BAG CARS BLUE, LUNCH BAG PINK RETROSPOT",LUNCH BAG RED SPOTTY,181,1.29%,0.6074,8.0927
"REGENCY CAKESTAND 3 TIER, STRAWBERRY CERAMIC TRINKET BOX",SWEETHEART CERAMIC TRINKET BOX,102,0.72%,0.6071,10.6118
"LUNCH BAG PINK RETROSPOT, WHITE HANGING HEART T-LIGHT HOLDER",LUNCH BAG RED SPOTTY,111,0.79%,0.6066,8.0817
"LUNCH BAG PINK RETROSPOT, LUNCH BAG WOODLAND",LUNCH BAG SUKI  DESIGN,154,1.09%,0.6063,8.9607
"PLASTERS IN TIN CIRCUS PARADE, PLASTERS IN TIN VINTAGE PAISLEY",PLASTERS IN TIN SPACEBOY,117,0.83%,0.6031,13.9564
"60 TEATIME FAIRY CAKE CASES, PACK OF 60 MUSHROOM CAKE CASES",PACK OF 60 DINOSAUR CAKE CASES,123,0.87%,0.6029,13.9072
"LUNCH BAG PINK RETROSPOT, LUNCH BAG SPACEBOY DESIGN",LUNCH BAG SUKI  DESIGN,191,1.36%,0.6025,8.9049
SINGLE HEART ZINC T-LIGHT HOLDER,HANGING HEART ZINC T-LIGHT HOLDER,294,2.09%,0.6025,11.6437
"LUNCH BAG PINK RETROSPOT, LUNCH BAG SPACEBOY DESIGN, LUNCH BAG SUKI  DESIGN",LUNCH BAG  BLACK SKULL.,115,0.82%,0.6021,8.7970
"COOK WITH WINE METAL SIGN, NO SINGING METAL SIGN",GIN + TONIC DIET METAL SIGN,104,0.74%,0.6012,11.4147
"COOK WITH WINE METAL SIGN, NO SINGING METAL SIGN",HAND OVER THE CHOCOLATE   SIGN,104,0.74%,0.6012,11.6505
"PLASTERS IN TIN CIRCUS PARADE, PLASTERS IN TIN SKULLS",PLASTERS IN TIN SPACEBOY,107,0.76%,0.6011,13.9109
"LUNCH BAG PINK RETROSPOT, LUNCH BAG RED SPOTTY, LUNCH BAG WOODLAND",LUNCH BAG CARS BLUE,110,0.78%,0.6011,9.9851
"JUMBO BAG RED RETROSPOT, LUNCH BAG SUKI  DESIGN",JUMBO STORAGE BAG SUKI,116,0.82%,0.6010,8.8089
"JUMBO BAG SCANDINAVIAN PAISLEY, JUMBO BAG STRAWBERRY",JUMBO BAG PINK VINTAGE PAISLEY,158,1.12%,0.6008,13.3745
"WHITE HANGING HEART T-LIGHT HOLDER, WOOD 2 DRAWER CABINET WHITE FINISH",WOODEN FRAME ANTIQUE WHITE,163,1.16%,0.5993,8.4997
"PLASTERS IN TIN CIRCUS PARADE, PLASTERS IN TIN WOODLAND ANIMALS",PLASTERS IN TIN SPACEBOY,145,1.03%,0.5992,13.8657
"JUMBO STORAGE BAG SUKI, LUNCH BAG RED SPOTTY",LUNCH BAG SUKI  DESIGN,121,0.86%,0.5990,8.8530
"JUMBO SHOPPER VINTAGE RED PAISLEY, JUMBO STORAGE BAG SKULLS",JUMBO STORAGE BAG SUKI,100,0.71%,0.5988,8.7762
"HAND WARMER OWL DESIGN, HAND WARMER UNION JACK",HAND WARMER BIRD DESIGN,125,0.89%,0.5981,16.2767
"WOOD 2 DRAWER CABINET WHITE FINISH, WOOD S/3 CABINET ANT WHITE FINISH, WOODEN FRAME ANTIQUE WHITE, WOODEN PICTURE FRAME WHITE FINISH",WHITE HANGING HEART T-LIGHT HOLDER,114,0.81%,0.5969,2.8918
"JUMBO BAG RED RETROSPOT, JUMBO BAG SPACEBOY DESIGN",JUMBO STORAGE BAG SUKI,105,0.75%,0.5966,8.7438
"LUNCH BAG CARS BLUE, LUNCH BAG RED SPOTTY, LUNCH BAG SUKI  DESIGN",LUNCH BAG WOODLAND,102,0.72%,0.5965,10.7049
"LUNCH BAG PINK RETROSPOT, LUNCH BAG RED SPOTTY, LUNCH BAG WOODLAND",LUNCH BAG SPACEBOY DESIGN,109,0.77%,0.5956,9.2195
"PACK OF 60 SPACEBOY CAKE CASES, PACK OF 72 SKULL CAKE CASES",60 TEATIME FAIRY CAKE CASES,103,0.73%,0.5954,7.3936
"60 TEATIME FAIRY CAKE CASES, 72 SWEETHEART FAIRY CAKE CASES, PACK OF 60 DINOSAUR CAKE CASES",PACK OF 72 RETRO SPOT CAKE CASES,103,0.73%,0.5954,7.2528
"LUNCH BAG CARS BLUE, LUNCH BAG SUKI  DESIGN",LUNCH BAG SPACEBOY DESIGN,217,1.54%,0.5945,9.2023
"LUNCH BAG  BLACK SKULL., LUNCH BAG CARS BLUE, LUNCH BAG WOODLAND",LUNCH BAG SUKI  DESIGN,114,0.81%,0.5938,8.7753
"60 TEATIME FAIRY CAKE CASES, PACK OF 60 DINOSAUR CAKE CASES, PACK OF 72 RETRO SPOT CAKE CASES",PACK OF 60 PINK PAISLEY CAKE CASES,112,0.80%,0.5926,9.0236
"GIN + TONIC DIET METAL SIGN, PLEASE ONE PERSON METAL SIGN",COOK WITH WINE METAL SIGN,154,1.09%,0.5923,13.1447
"LUNCH BAG  BLACK SKULL., LUNCH BAG RED SPOTTY, LUNCH BAG SPACEBOY DESIGN",LUNCH BAG SUKI  DESIGN,106,0.75%,0.5922,8.7521
"PACK OF 60 MUSHROOM CAKE CASES, PACK OF 72 RETRO SPOT CAKE CASES",60 TEATIME FAIRY CAKE CASES,110,0.78%,0.5914,7.3442
"LUNCH BAG CARS BLUE, LUNCH BAG RED SPOTTY, LUNCH BAG WOODLAND",LUNCH BAG PINK RETROSPOT,110,0.78%,0.5914,11.4614
"BATHROOM METAL SIGN, WHITE HANGING HEART T-LIGHT HOLDER",TOILET METAL SIGN,120,0.85%,0.5911,19.2529
"WOOD 2 DRAWER CABINET WHITE FINISH, WOODEN FRAME ANTIQUE WHITE, WOODEN PICTURE FRAME WHITE FINISH",WHITE HANGING HEART T-LIGHT HOLDER,137,0.97%,0.5905,2.8611
"LUNCH BAG PINK RETROSPOT, LUNCH BAG RED SPOTTY, LUNCH BAG WOODLAND",LUNCH BAG  BLACK SKULL.,108,0.77%,0.5902,8.6226
"LUNCH BAG RED SPOTTY, LUNCH BAG SPACEBOY DESIGN, LUNCH BAG SUKI  DESIGN",LUNCH BAG CARS BLUE,112,0.80%,0.5895,9.7921
"WOOD 2 DRAWER CABINET WHITE FINISH, WOOD S/3 CABINET ANT WHITE FINISH",WOODEN PICTURE FRAME WHITE FINISH,208,1.48%,0.5892,10.2733
"HAND WARMER BIRD DESIGN, HAND WARMER OWL DESIGN",HAND WARMER SCOTTY DOG DESIGN,172,1.22%,0.5890,15.6079
"PLASTERS IN TIN VINTAGE PAISLEY, PLASTERS IN TIN WOODLAND ANIMALS",PLASTERS IN TIN SPACEBOY,113,0.80%,0.5885,13.6197
"JUMBO SHOPPER VINTAGE RED PAISLEY, LUNCH BAG SUKI  DESIGN",JUMBO STORAGE BAG SUKI,111,0.79%,0.5873,8.6076
"3 STRIPEY MICE FELTCRAFT, FELTCRAFT BUTTERFLY HEARTS",FELTCRAFT 6 FLOWER FRIENDS,122,0.87%,0.5865,11.0773
"WOOD 2 DRAWER CABINET WHITE FINISH, WOOD S/3 CABINET ANT WHITE FINISH, WOODEN PICTURE FRAME WHITE FINISH",WHITE HANGING HEART T-LIGHT HOLDER,122,0.87%,0.5865,2.8418
"FELTCRAFT BUTTERFLY HEARTS, PINK CREAM FELT CRAFT TRINKET BOX",PINK BLUE FELT CRAFT TRINKET BOX,112,0.80%,0.5864,14.6806
"JUMBO BAG PINK WITH WHITE SPOTS, JUMBO BAG SCANDINAVIAN PAISLEY",JUMBO SHOPPER VINTAGE RED PAISLEY,109,0.77%,0.5860,9.0508
"WHITE HANGING HEART T-LIGHT HOLDER, WOOD S/3 CABINET ANT WHITE FINISH",WOODEN FRAME ANTIQUE WHITE,167,1.19%,0.5860,8.3110
PACK OF 60 DINOSAUR CAKE CASES,60 TEATIME FAIRY CAKE CASES,357,2.54%,0.5852,7.2678
"WOOD 2 DRAWER CABINET WHITE FINISH, WOOD S/3 CABINET ANT WHITE FINISH, WOODEN FRAME ANTIQUE WHITE",WHITE HANGING HEART T-LIGHT HOLDER,131,0.93%,0.5848,2.8335
"CHOCOLATE THIS WAY METAL SIGN, GIN + TONIC DIET METAL SIGN",COOK WITH WINE METAL SIGN,100,0.71%,0.5848,12.9780
"JUMBO BAG TOYS, JUMBO STORAGE BAG SUKI",JUMBO BAG STRAWBERRY,104,0.74%,0.5843,9.4491
"PACK OF 60 SPACEBOY CAKE CASES, PACK OF 72 SKULL CAKE CASES",PACK OF 60 DINOSAUR CAKE CASES,101,0.72%,0.5838,13.4660
"LUNCH BAG  BLACK SKULL., LUNCH BAG PINK RETROSPOT",LUNCH BAG SPACEBOY DESIGN,168,1.19%,0.5833,9.0292
"LUNCH BAG PINK RETROSPOT, LUNCH BAG RED SPOTTY, LUNCH BAG SUKI  DESIGN",LUNCH BAG SPACEBOY DESIGN,119,0.85%,0.5833,9.0292
"LUNCH BAG PINK RETROSPOT, LUNCH BAG SUKI  DESIGN",LUNCH BAG SPACEBOY DESIGN,191,1.36%,0.5823,9.0134
"PACK OF 60 PINK PAISLEY CAKE CASES, PACK OF 72 RETRO SPOT CAKE CASES",60 TEATIME FAIRY CAKE CASES,238,1.69%,0.5819,7.2263
"LUNCH BAG  BLACK SKULL., LUNCH BAG WOODLAND",LUNCH BAG CARS BLUE,192,1.36%,0.5818,9.6649
"LUNCH BAG PINK RETROSPOT, LUNCH BAG RED SPOTTY, LUNCH BAG SPACEBOY DESIGN",LUNCH BAG CARS BLUE,104,0.74%,0.5810,9.6514
"PLASTERS IN TIN SKULLS, PLASTERS IN TIN WOODLAND ANIMALS",PLASTERS IN TIN SPACEBOY,122,0.87%,0.5810,13.4441
"JUMBO BAG PINK VINTAGE PAISLEY, JUMBO STORAGE BAG SUKI",JUMBO BAG SCANDINAVIAN PAISLEY,133,0.95%,0.5808,12.9298
"JUMBO BAG SCANDINAVIAN PAISLEY, JUMBO STORAGE BAG SUKI",JUMBO BAG STRAWBERRY,137,0.97%,0.5805,9.3882
"JUMBO BAG PINK WITH WHITE SPOTS, LUNCH BAG PINK RETROSPOT",LUNCH BAG RED SPOTTY,137,0.97%,0.5805,7.7346
"LUNCH BAG  BLACK SKULL., LUNCH BAG CARS BLUE",LUNCH BAG WOODLAND,192,1.36%,0.5801,10.4100
"LUNCH BAG PINK RETROSPOT, LUNCH BAG WOODLAND",LUNCH BAG CARS BLUE,147,1.04%,0.5787,9.6138
"LUNCH BAG PINK RETROSPOT, LUNCH BAG WOODLAND",LUNCH BAG SPACEBOY DESIGN,147,1.04%,0.5787,8.9581
"LUNCH BAG PINK RETROSPOT, LUNCH BAG RED SPOTTY, LUNCH BAG SUKI  DESIGN",LUNCH BAG WOODLAND,118,0.84%,0.5784,10.3808
"LUNCH BAG  BLACK SKULL., LUNCH BAG CARS BLUE, LUNCH BAG WOODLAND",LUNCH BAG SPACEBOY DESIGN,111,0.79%,0.5781,8.9485
"LUNCH BAG RED SPOTTY, LUNCH BAG SUKI  DESIGN",LUNCH BAG PINK RETROSPOT,204,1.45%,0.5779,11.1999
PINK 3 PIECE MINI DOTS CUTLERY SET,RED 3 PIECE MINI DOTS CUTLERY SET,238,1.69%,0.5777,17.7852
"LUNCH BAG RED SPOTTY, LUNCH BAG SPACEBOY DESIGN",LUNCH BAG SUKI  DESIGN,190,1.35%,0.5775,8.5352
"GIN + TONIC DIET METAL SIGN, NO SINGING METAL SIGN",HAND OVER THE CHOCOLATE   SIGN,127,0.90%,0.5773,11.1876
"FELTCRAFT 6 FLOWER FRIENDS, PINK CREAM FELT CRAFT TRINKET BOX",PINK BLUE FELT CRAFT TRINKET BOX,116,0.82%,0.5771,14.4484
"PACK OF 60 SPACEBOY CAKE CASES, PACK OF 72 RETRO SPOT CAKE CASES",60 TEATIME FAIRY CAKE CASES,110,0.78%,0.5759,7.1519
"HAND WARMER OWL DESIGN, HAND WARMER SCOTTY DOG DESIGN",HAND WARMER BIRD DESIGN,172,1.22%,0.5753,15.6553
"60 TEATIME FAIRY CAKE CASES, PACK OF 60 SPACEBOY CAKE CASES",PACK OF 60 DINOSAUR CAKE CASES,142,1.01%,0.5749,13.2604
VINTAGE HEADS AND TAILS CARD GAME,VINTAGE SNAP CARDS,334,2.37%,0.5749,10.6708
"LUNCH BAG PINK RETROSPOT, LUNCH BAG WOODLAND",LUNCH BAG  BLACK SKULL.,146,1.04%,0.5748,8.3982
"JUMBO BAG STRAWBERRY, JUMBO BAG TOYS",JUMBO STORAGE BAG SUKI,104,0.74%,0.5746,8.4213
"JUMBO BAG RED RETROSPOT, JUMBO STORAGE BAG SKULLS",JUMBO STORAGE BAG SUKI,104,0.74%,0.5746,8.4213
"LUNCH BAG CARS BLUE, LUNCH BAG PINK RETROSPOT, LUNCH BAG RED SPOTTY",LUNCH BAG SPACEBOY DESIGN,104,0.74%,0.5746,8.8938
"LUNCH BAG  BLACK SKULL., LUNCH BAG PINK RETROSPOT, LUNCH BAG RED SPOTTY",LUNCH BAG WOODLAND,108,0.77%,0.5745,10.3097
"HAND WARMER OWL DESIGN, HAND WARMER UNION JACK",HAND WARMER SCOTTY DOG DESIGN,120,0.85%,0.5742,15.2137
"WHITE HANGING HEART T-LIGHT HOLDER, WOOD 2 DRAWER CABINET WHITE FINISH",WOODEN PICTURE FRAME WHITE FINISH,156,1.11%,0.5735,9.9995
"60 TEATIME FAIRY CAKE CASES, 72 SWEETHEART FAIRY CAKE CASES",PACK OF 60 PINK PAISLEY CAKE CASES,207,1.47%,0.5734,8.7314
HEART OF WICKER SMALL,HEART OF WICKER LARGE,491,3.49%,0.5729,8.1590
"PLASTERS IN TIN CIRCUS PARADE, PLASTERS IN TIN STRONGMAN",PLASTERS IN TIN SPACEBOY,134,0.95%,0.5726,13.2519
"60 TEATIME FAIRY CAKE CASES, PACK OF 60 DINOSAUR CAKE CASES, PACK OF 60 PINK PAISLEY CAKE CASES",PACK OF 72 RETRO SPOT CAKE CASES,112,0.80%,0.5714,6.9610
"LUNCH BAG  BLACK SKULL., LUNCH BAG SPACEBOY DESIGN, LUNCH BAG SUKI  DESIGN",LUNCH BAG CARS BLUE,120,0.85%,0.5714,9.4923
"60 TEATIME FAIRY CAKE CASES, PACK OF 72 SKULL CAKE CASES",PACK OF 60 DINOSAUR CAKE CASES,165,1.17%,0.5709,13.1689
"JUMBO BAG SPACEBOY DESIGN, LUNCH BAG SPACEBOY DESIGN",LUNCH BAG SUKI  DESIGN,101,0.72%,0.5706,8.4334
"3 STRIPEY MICE FELTCRAFT, FELTCRAFT 6 FLOWER FRIENDS",FELTCRAFT BUTTERFLY HEARTS,122,0.87%,0.5701,13.0852
"LUNCH BAG CARS BLUE, LUNCH BAG RED SPOTTY, LUNCH BAG WOODLAND",LUNCH BAG  BLACK SKULL.,106,0.75%,0.5699,8.3265
"LUNCH BAG  BLACK SKULL., LUNCH BAG SPACEBOY DESIGN",LUNCH BAG SUKI  DESIGN,210,1.49%,0.5691,8.4110
"72 SWEETHEART FAIRY CAKE CASES, PACK OF 60 DINOSAUR CAKE CASES",PACK OF 60 PINK PAISLEY CAKE CASES,138,0.98%,0.5679,8.6476
"HAND OVER THE CHOCOLATE   SIGN, LADIES & GENTLEMEN METAL SIGN",NO SINGING METAL SIGN,105,0.75%,0.5676,13.3317
"PLASTERS IN TIN SKULLS, PLASTERS IN TIN SPACEBOY",PLASTERS IN TIN WOODLAND ANIMALS,122,0.87%,0.5674,15.0073
"WOOD S/3 CABINET ANT WHITE FINISH, WOODEN PICTURE FRAME WHITE FINISH",WHITE HANGING HEART T-LIGHT HOLDER,148,1.05%,0.5670,2.7474
"LUNCH BAG CARS BLUE, LUNCH BAG SPACEBOY DESIGN",LUNCH BAG WOODLAND,177,1.26%,0.5655,10.1486
"LUNCH BAG PINK RETROSPOT, LUNCH BAG SPACEBOY DESIGN, LUNCH BAG SUKI  DESIGN",LUNCH BAG WOODLAND,108,0.77%,0.5654,10.1477
"JUMBO BAG PINK WITH WHITE SPOTS, JUMBO STORAGE BAG SUKI",JUMBO BAG STRAWBERRY,147,1.04%,0.5654,9.1436
"LUNCH BAG SUKI  DESIGN, LUNCH BAG WOODLAND",LUNCH BAG CARS BLUE,183,1.30%,0.5648,9.3825
HAND WARMER BIRD DESIGN,HAND WARMER OWL DESIGN,292,2.08%,0.5648,14.6079
"LUNCH BAG CARS BLUE, LUNCH BAG WOODLAND",LUNCH BAG  BLACK SKULL.,192,1.36%,0.5647,8.2507
"LUNCH BAG PINK RETROSPOT, LUNCH BAG SPACEBOY DESIGN",LUNCH BAG RED SPOTTY,179,1.27%,0.5647,7.5236
"HAND WARMER BIRD DESIGN, HAND WARMER UNION JACK",HAND WARMER SCOTTY DOG DESIGN,101,0.72%,0.5642,14.9509
"LUNCH BAG PINK RETROSPOT, LUNCH BAG RED SPOTTY, LUNCH BAG SUKI  DESIGN",LUNCH BAG  BLACK SKULL.,115,0.82%,0.5637,8.2364
"JUMBO BAG SCANDINAVIAN PAISLEY, JUMBO STORAGE BAG SUKI",JUMBO BAG PINK VINTAGE PAISLEY,133,0.95%,0.5636,12.5463
"LUNCH BAG RED SPOTTY, LUNCH BAG SPACEBOY DESIGN, LUNCH BAG SUKI  DESIGN",LUNCH BAG WOODLAND,107,0.76%,0.5632,10.1067
HAND WARMER SCOTTY DOG DESIGN,HAND WARMER OWL DESIGN,299,2.13%,0.5631,14.5637
EDWARDIAN PARASOL NATURAL,EDWARDIAN PARASOL BLACK,264,1.88%,0.5629,15.9036
"60 TEATIME FAIRY CAKE CASES, 72 SWEETHEART FAIRY CAKE CASES, PACK OF 72 RETRO SPOT CAKE CASES",PACK OF 60 DINOSAUR CAKE CASES,103,0.73%,0.5628,12.9823
"PACK OF 72 RETRO SPOT CAKE CASES, WHITE HANGING HEART T-LIGHT HOLDER",60 TEATIME FAIRY CAKE CASES,130,0.92%,0.5628,6.9887
"WOOD 2 DRAWER CABINET WHITE FINISH, WOODEN PICTURE FRAME WHITE FINISH",WHITE HANGING HEART T-LIGHT HOLDER,156,1.11%,0.5612,2.7188
"72 SWEETHEART FAIRY CAKE CASES, WHITE HANGING HEART T-LIGHT HOLDER",60 TEATIME FAIRY CAKE CASES,101,0.72%,0.5611,6.9681
"GIN + TONIC DIET METAL SIGN, HAND OVER THE CHOCOLATE   SIGN",COOK WITH WINE METAL SIGN,154,1.09%,0.5600,12.4278
"PACK OF 60 MUSHROOM CAKE CASES, PACK OF 72 RETRO SPOT CAKE CASES",PACK OF 60 PINK PAISLEY CAKE CASES,104,0.74%,0.5591,8.5142
"LUNCH BAG  BLACK SKULL., LUNCH BAG PINK RETROSPOT",LUNCH BAG SUKI  DESIGN,161,1.14%,0.5590,8.2621
"60 TEATIME FAIRY CAKE CASES, PACK OF 60 SPACEBOY CAKE CASES",PACK OF 60 PINK PAISLEY CAKE CASES,138,0.98%,0.5587,8.5075
WOODEN FRAME ANTIQUE WHITE,WOODEN PICTURE FRAME WHITE FINISH,554,3.94%,0.5585,9.7369
"WOOD S/3 CABINET ANT WHITE FINISH, WOODEN FRAME ANTIQUE WHITE, WOODEN PICTURE FRAME WHITE FINISH",WHITE HANGING HEART T-LIGHT HOLDER,125,0.89%,0.5580,2.7037
"LUNCH BAG RED SPOTTY, LUNCH BAG SPACEBOY DESIGN, LUNCH BAG SUKI  DESIGN",LUNCH BAG  BLACK SKULL.,106,0.75%,0.5579,8.1512
"LUNCH BAG CARS BLUE, LUNCH BAG SUKI  DESIGN, LUNCH BAG WOODLAND",LUNCH BAG RED SPOTTY,102,0.72%,0.5574,7.4264
"JUMBO  BAG BAROQUE BLACK WHITE, JUMBO BAG SCANDINAVIAN PAISLEY",JUMBO BAG PINK VINTAGE PAISLEY,124,0.88%,0.5561,12.3792
LOVE BUILDING BLOCK WORD,HOME BUILDING BLOCK WORD,522,3.71%,0.5559,6.7720
"LUNCH BAG  BLACK SKULL., LUNCH BAG CARS BLUE",LUNCH BAG SUKI  DESIGN,184,1.31%,0.5559,8.2157
"60 TEATIME FAIRY CAKE CASES, 72 SWEETHEART FAIRY CAKE CASES, PACK OF 60 PINK PAISLEY CAKE CASES",PACK OF 72 RETRO SPOT CAKE CASES,115,0.82%,0.5556,6.7677
"HOT WATER BOTTLE TEA AND SYMPATHY, SCOTTIE DOG HOT WATER BOTTLE",CHOCOLATE HOT WATER BOTTLE,131,0.93%,0.5551,9.8736
"JUMBO BAG SCANDINAVIAN PAISLEY, JUMBO STORAGE BAG SUKI",JUMBO SHOPPER VINTAGE RED PAISLEY,131,0.93%,0.5551,8.5730
"HAND WARMER SCOTTY DOG DESIGN, HAND WARMER UNION JACK",HAND WARMER BIRD DESIGN,101,0.72%,0.5549,15.1027
PLASTERS IN TIN STRONGMAN,PLASTERS IN TIN CIRCUS PARADE,234,1.66%,0.5545,13.0031
"LUNCH BAG CARS BLUE, LUNCH BAG PINK RETROSPOT",LUNCH BAG SUKI  DESIGN,165,1.17%,0.5537,8.1832
"PACK OF 72 RETRO SPOT CAKE CASES, PACK OF 72 SKULL CAKE CASES",60 TEATIME FAIRY CAKE CASES,150,1.07%,0.5535,6.8736
"LUNCH BAG CARS BLUE, LUNCH BAG SPACEBOY DESIGN, LUNCH BAG SUKI  DESIGN",LUNCH BAG  BLACK SKULL.,120,0.85%,0.5530,8.0796
"LADIES & GENTLEMEN METAL SIGN, NO SINGING METAL SIGN",HAND OVER THE CHOCOLATE   SIGN,105,0.75%,0.5526,10.7101
"LUNCH BAG  BLACK SKULL., LUNCH BAG CARS BLUE, LUNCH BAG WOODLAND",LUNCH BAG RED SPOTTY,106,0.75%,0.5521,7.3559
"JUMBO  BAG BAROQUE BLACK WHITE, JUMBO BAG SCANDINAVIAN PAISLEY",JUMBO BAG STRAWBERRY,123,0.87%,0.5516,8.9202
"LUNCH BAG  BLACK SKULL., LUNCH BAG WOODLAND",LUNCH BAG SPACEBOY DESIGN,182,1.29%,0.5515,8.5367
"PACK OF 60 PINK PAISLEY CAKE CASES, PACK OF 60 SPACEBOY CAKE CASES",PACK OF 60 DINOSAUR CAKE CASES,113,0.80%,0.5512,12.7142
HAND WARMER OWL DESIGN,HAND WARMER SCOTTY DOG DESIGN,299,2.13%,0.5496,14.5637
"60 TEATIME FAIRY CAKE CASES, PACK OF 60 DINOSAUR CAKE CASES",PACK OF 60 PINK PAISLEY CAKE CASES,196,1.39%,0.5490,8.3601
"WOOD 2 DRAWER CABINET WHITE FINISH, WOODEN FRAME ANTIQUE WHITE",WHITE HANGING HEART T-LIGHT HOLDER,163,1.16%,0.5488,2.6591
"PACK OF 60 DINOSAUR CAKE CASES, PACK OF 72 RETRO SPOT CAKE CASES",PACK OF 60 PINK PAISLEY CAKE CASES,153,1.09%,0.5484,8.3504
"LUNCH BAG CARS BLUE, LUNCH BAG SPACEBOY DESIGN, LUNCH BAG SUKI  DESIGN",LUNCH BAG PINK RETROSPOT,119,0.85%,0.5484,10.6278
"LUNCH BAG CARS BLUE, LUNCH BAG RED SPOTTY, LUNCH BAG WOODLAND",LUNCH BAG SUKI  DESIGN,102,0.72%,0.5484,8.1048
"LUNCH BAG SPACEBOY DESIGN, LUNCH BAG WOODLAND",LUNCH BAG  BLACK SKULL.,182,1.29%,0.5482,8.0094
"WOOD 2 DRAWER CABINET WHITE FINISH, WOOD S/3 CABINET ANT WHITE FINISH, WOODEN PICTURE FRAME WHITE FINISH","WHITE HANGING HEART T-LIGHT HOLDER, WOODEN FRAME ANTIQUE WHITE",114,0.81%,0.5481,17.4467
"LUNCH BAG  BLACK SKULL., LUNCH BAG SPACEBOY DESIGN, LUNCH BAG SUKI  DESIGN",LUNCH BAG PINK RETROSPOT,115,0.82%,0.5476,10.6129
SET OF 36 TEATIME PAPER DOILIES,60 TEATIME FAIRY CAKE CASES,220,1.56%,0.5473,6.7961
"LUNCH BAG CARS BLUE, LUNCH BAG WOODLAND",LUNCH BAG RED SPOTTY,186,1.32%,0.5471,7.2889
"LUNCH BAG  BLACK SKULL., LUNCH BAG SUKI  DESIGN",LUNCH BAG SPACEBOY DESIGN,210,1.49%,0.5469,8.4648
"JUMBO BAG STRAWBERRY, JUMBO SHOPPER VINTAGE RED PAISLEY",JUMBO STORAGE BAG SUKI,146,1.04%,0.5468,8.0143
"60 TEATIME FAIRY CAKE CASES, PACK OF 72 SKULL CAKE CASES",PACK OF 60 PINK PAISLEY CAKE CASES,158,1.12%,0.5467,8.3249
"60 TEATIME FAIRY CAKE CASES, PACK OF 60 DINOSAUR CAKE CASES, PACK OF 60 PINK PAISLEY CAKE CASES",72 SWEETHEART FAIRY CAKE CASES,107,0.76%,0.5459,11.1806
TOY TIDY PINK RETROSPOT,RECYCLING BAG RETROSPOT,221,1.57%,0.5457,12.6071
"JUMBO  BAG BAROQUE BLACK WHITE, JUMBO BAG PINK VINTAGE PAISLEY",JUMBO BAG STRAWBERRY,108,0.77%,0.5455,8.8213
"60 TEATIME FAIRY CAKE CASES, PACK OF 60 DINOSAUR CAKE CASES, PACK OF 72 RETRO SPOT CAKE CASES",72 SWEETHEART FAIRY CAKE CASES,103,0.73%,0.5450,11.1612
"JUMBO BAG SCANDINAVIAN PAISLEY, JUMBO SHOPPER VINTAGE RED PAISLEY",JUMBO BAG PINK VINTAGE PAISLEY,140,1.00%,0.5447,12.1275
"HAND OVER THE CHOCOLATE   SIGN, PLEASE ONE PERSON METAL SIGN",GIN + TONIC DIET METAL SIGN,123,0.87%,0.5442,10.3341
"LUNCH BAG PINK RETROSPOT, LUNCH BAG RED SPOTTY, LUNCH BAG SUKI  DESIGN",LUNCH BAG CARS BLUE,111,0.79%,0.5441,9.0386
"LUNCH BAG RED SPOTTY, LUNCH BAG SPACEBOY DESIGN",LUNCH BAG  BLACK SKULL.,179,1.27%,0.5441,7.9492
"LUNCH BAG RED SPOTTY, LUNCH BAG SPACEBOY DESIGN",LUNCH BAG PINK RETROSPOT,179,1.27%,0.5441,10.5442
WOOD S/3 CABINET ANT WHITE FINISH,WOOD 2 DRAWER CABINET WHITE FINISH,353,2.51%,0.5439,13.2403
"COOK WITH WINE METAL SIGN, WHITE HANGING HEART T-LIGHT HOLDER",GIN + TONIC DIET METAL SIGN,114,0.81%,0.5429,10.3077
LUNCH BAG PINK RETROSPOT,LUNCH BAG RED SPOTTY,394,2.80%,0.5427,7.2309
"JUMBO BAG PINK WITH WHITE SPOTS, JUMBO BAG SPACEBOY DESIGN",JUMBO STORAGE BAG SUKI,111,0.79%,0.5415,7.9358
"WOOD 2 DRAWER CABINET WHITE FINISH, WOOD S/3 CABINET ANT WHITE FINISH","WOODEN FRAME ANTIQUE WHITE, WOODEN PICTURE FRAME WHITE FINISH",191,1.36%,0.5411,13.7418
"PACK OF 60 DINOSAUR CAKE CASES, PACK OF 72 SKULL CAKE CASES",PACK OF 72 RETRO SPOT CAKE CASES,128,0.91%,0.5401,6.5792
"PACK OF 60 SPACEBOY CAKE CASES, PACK OF 72 RETRO SPOT CAKE CASES",PACK OF 60 PINK PAISLEY CAKE CASES,103,0.73%,0.5393,8.2116
"60 TEATIME FAIRY CAKE CASES, PACK OF 60 MUSHROOM CAKE CASES",PACK OF 72 RETRO SPOT CAKE CASES,110,0.78%,0.5392,6.5686
"JUMBO  BAG BAROQUE BLACK WHITE, JUMBO BAG PINK WITH WHITE SPOTS",JUMBO STORAGE BAG SUKI,104,0.74%,0.5389,7.8977
"LUNCH BAG RED SPOTTY, LUNCH BAG SUKI  DESIGN",LUNCH BAG SPACEBOY DESIGN,190,1.35%,0.5382,8.3312
"LUNCH BAG CARS BLUE, LUNCH BAG WOODLAND",LUNCH BAG SUKI  DESIGN,183,1.30%,0.5382,7.9548
"JUMBO BAG PINK WITH WHITE SPOTS, JUMBO BAG SCANDINAVIAN PAISLEY",JUMBO BAG PINK VINTAGE PAISLEY,100,0.71%,0.5376,11.9692
"LUNCH BAG RED SPOTTY, LUNCH BAG WOODLAND",LUNCH BAG CARS BLUE,186,1.32%,0.5376,8.9299
"PACK OF 60 DINOSAUR CAKE CASES, PACK OF 60 MUSHROOM CAKE CASES",PACK OF 60 PINK PAISLEY CAKE CASES,101,0.72%,0.5372,8.1806
"JUMBO  BAG BAROQUE BLACK WHITE, JUMBO SHOPPER VINTAGE RED PAISLEY",JUMBO STORAGE BAG SUKI,130,0.92%,0.5372,7.8732
"LUNCH BAG SUKI  DESIGN, LUNCH BAG WOODLAND",LUNCH BAG  BLACK SKULL.,174,1.24%,0.5370,7.8464
"72 SWEETHEART FAIRY CAKE CASES, PACK OF 72 RETRO SPOT CAKE CASES",PACK OF 60 PINK PAISLEY CAKE CASES,153,1.09%,0.5368,8.1746
HAND WARMER OWL DESIGN,HAND WARMER BIRD DESIGN,292,2.08%,0.5368,14.6079
FELTCRAFT DOLL MOLLY,FELTCRAFT DOLL ROSIE,223,1.58%,0.5361,17.2593
"HAND OVER THE CHOCOLATE   SIGN, PLEASE ONE PERSON METAL SIGN",COOK WITH WINE METAL SIGN,121,0.86%,0.5354,11.8818
"JUMBO BAG RED RETROSPOT, JUMBO BAG SCANDINAVIAN PAISLEY",JUMBO SHOPPER VINTAGE RED PAISLEY,106,0.75%,0.5354,8.2683
"JUMBO BAG PINK WITH WHITE SPOTS, JUMBO SHOPPER VINTAGE RED PAISLEY",JUMBO STORAGE BAG SUKI,139,0.99%,0.5346,7.8355
"JUMBO BAG PINK WITH WHITE SPOTS, JUMBO STORAGE BAG SUKI",JUMBO SHOPPER VINTAGE RED PAISLEY,139,0.99%,0.5346,8.2569
"60 TEATIME FAIRY CAKE CASES, PACK OF 60 MUSHROOM CAKE CASES",72 SWEETHEART FAIRY CAKE CASES,109,0.77%,0.5343,10.9429
"LUNCH BAG SPACEBOY DESIGN, LUNCH BAG WOODLAND",LUNCH BAG CARS BLUE,177,1.26%,0.5331,8.8562
WICKER STAR,HEART OF WICKER LARGE,236,1.68%,0.5327,7.5866
"LUNCH BAG SPACEBOY DESIGN, LUNCH BAG SUKI  DESIGN, LUNCH BAG WOODLAND",LUNCH BAG PINK RETROSPOT,108,0.77%,0.5320,10.3106
"WOOD S/3 CABINET ANT WHITE FINISH, WOODEN FRAME ANTIQUE WHITE",WHITE HANGING HEART T-LIGHT HOLDER,167,1.19%,0.5318,2.5768
"RED SPOTTY CHARLOTTE BAG, WOODLAND CHARLOTTE BAG",STRAWBERRY CHARLOTTE BAG,119,0.85%,0.5312,14.8307
"CHOCOLATE THIS WAY METAL SIGN, HAND OVER THE CHOCOLATE   SIGN",GIN + TONIC DIET METAL SIGN,105,0.75%,0.5303,10.0693
EDWARDIAN PARASOL BLACK,EDWARDIAN PARASOL NATURAL,264,1.88%,0.5301,15.9036
"LUNCH BAG PINK RETROSPOT, LUNCH BAG SPACEBOY DESIGN",LUNCH BAG  BLACK SKULL.,168,1.19%,0.5300,7.7432
"JUMBO BAG SPACEBOY DESIGN, JUMBO STORAGE BAG SUKI",JUMBO SHOPPER VINTAGE RED PAISLEY,125,0.89%,0.5297,8.1804
"60 TEATIME FAIRY CAKE CASES, PACK OF 60 DINOSAUR CAKE CASES",PACK OF 72 RETRO SPOT CAKE CASES,189,1.34%,0.5294,6.4492
"LUNCH BAG RED SPOTTY, LUNCH BAG WOODLAND",LUNCH BAG PINK RETROSPOT,183,1.30%,0.5289,10.2502
"NO SINGING METAL SIGN, PLEASE ONE PERSON METAL SIGN",GIN + TONIC DIET METAL SIGN,102,0.72%,0.5285,10.0350
"PLASTERS IN TIN SKULLS, PLASTERS IN TIN VINTAGE PAISLEY",PLASTERS IN TIN SPACEBOY,104,0.74%,0.5279,12.2168
"JUMBO  BAG BAROQUE BLACK WHITE, JUMBO STORAGE BAG SUKI",JUMBO BAG STRAWBERRY,153,1.09%,0.5276,8.5323
"LUNCH BAG  BLACK SKULL., LUNCH BAG WOODLAND",LUNCH BAG SUKI  DESIGN,174,1.24%,0.5273,7.7928
"PLASTERS IN TIN SPACEBOY, PLASTERS IN TIN WOODLAND ANIMALS",PLASTERS IN TIN CIRCUS PARADE,145,1.03%,0.5273,12.3645
"LUNCH BAG SPACEBOY DESIGN, LUNCH BAG SUKI  DESIGN, LUNCH BAG WOODLAND",LUNCH BAG RED SPOTTY,107,0.76%,0.5271,7.0229
72 SWEETHEART FAIRY CAKE CASES,60 TEATIME FAIRY CAKE CASES,361,2.57%,0.5255,6.5255
"PACK OF 60 DINOSAUR CAKE CASES, PACK OF 60 PINK PAISLEY CAKE CASES",PACK OF 72 RETRO SPOT CAKE CASES,153,1.09%,0.5240,6.3829
SET OF 72 RETRO SPOT PAPER  DOILIES,PACK OF 72 RETRO SPOT CAKE CASES,235,1.67%,0.5234,6.3758
"PACK OF 60 DINOSAUR CAKE CASES, PACK OF 60 SPACEBOY CAKE CASES",PACK OF 60 PINK PAISLEY CAKE CASES,113,0.80%,0.5231,7.9661
"72 SWEETHEART FAIRY CAKE CASES, PACK OF 72 SKULL CAKE CASES",PACK OF 60 DINOSAUR CAKE CASES,105,0.75%,0.5224,12.0492
HAND WARMER UNION JACK,HAND WARMER OWL DESIGN,209,1.49%,0.5212,13.4802
"JUMBO BAG SCANDINAVIAN PAISLEY, JUMBO BAG STRAWBERRY",JUMBO STORAGE BAG SUKI,137,0.97%,0.5209,7.6346
RED 3 PIECE MINI DOTS CUTLERY SET,PINK 3 PIECE MINI DOTS CUTLERY SET,238,1.69%,0.5208,17.7852
"LUNCH BAG CARS BLUE, LUNCH BAG WOODLAND",LUNCH BAG SPACEBOY DESIGN,177,1.26%,0.5206,8.0579
"JUMBO BAG PINK VINTAGE PAISLEY, JUMBO BAG RED RETROSPOT",JUMBO BAG SCANDINAVIAN PAISLEY,102,0.72%,0.5204,11.5857
"JUMBO BAG PINK VINTAGE PAISLEY, JUMBO STORAGE BAG SUKI",JUMBO BAG STRAWBERRY,119,0.85%,0.5197,8.4040
"JUMBO BAG PINK WITH WHITE SPOTS, JUMBO BAG RED RETROSPOT",JUMBO BAG STRAWBERRY,120,0.85%,0.5195,8.4013
"WHITE HANGING HEART T-LIGHT HOLDER, WOOD S/3 CABINET ANT WHITE FINISH",WOODEN PICTURE FRAME WHITE FINISH,148,1.05%,0.5193,9.0539
"PACK OF 60 PINK PAISLEY CAKE CASES, PACK OF 72 SKULL CAKE CASES",PACK OF 60 DINOSAUR CAKE CASES,122,0.87%,0.5191,11.9745
"60 TEATIME FAIRY CAKE CASES, PACK OF 72 SKULL CAKE CASES",PACK OF 72 RETRO SPOT CAKE CASES,150,1.07%,0.5190,6.3227
"72 SWEETHEART FAIRY CAKE CASES, PACK OF 60 DINOSAUR CAKE CASES",PACK OF 72 RETRO SPOT CAKE CASES,126,0.90%,0.5185,6.3165
"HEART OF WICKER LARGE, WHITE HANGING HEART T-LIGHT HOLDER",HEART OF WICKER SMALL,197,1.40%,0.5184,8.5113
BATHROOM METAL SIGN,TOILET METAL SIGN,344,2.44%,0.5181,16.8733
"LUNCH BAG PINK RETROSPOT, LUNCH BAG RED SPOTTY",LUNCH BAG SUKI  DESIGN,204,1.45%,0.5178,7.6523
"72 SWEETHEART FAIRY CAKE CASES, PACK OF 72 SKULL CAKE CASES",PACK OF 60 PINK PAISLEY CAKE CASES,104,0.74%,0.5174,7.8788
PLASTERS IN TIN WOODLAND ANIMALS,PLASTERS IN TIN SPACEBOY,275,1.95%,0.5169,11.9622
"60 TEATIME FAIRY CAKE CASES, 72 SWEETHEART FAIRY CAKE CASES, PACK OF 60 PINK PAISLEY CAKE CASES",PACK OF 60 DINOSAUR CAKE CASES,107,0.76%,0.5169,11.9228
"72 SWEETHEART FAIRY CAKE CASES, PACK OF 60 PINK PAISLEY CAKE CASES",PACK OF 72 RETRO SPOT CAKE CASES,153,1.09%,0.5169,6.2967
"LUNCH BAG CARS BLUE, LUNCH BAG PINK RETROSPOT",LUNCH BAG SPACEBOY DESIGN,154,1.09%,0.5168,7.9990
"HAND OVER THE CHOCOLATE   SIGN, NO SINGING METAL SIGN",GIN + TONIC DIET METAL SIGN,127,0.90%,0.5163,9.8027
"LUNCH BAG CARS BLUE, LUNCH BAG SPACEBOY DESIGN, LUNCH BAG SUKI  DESIGN",LUNCH BAG RED SPOTTY,112,0.80%,0.5161,6.8768
"60 TEATIME FAIRY CAKE CASES, STRAWBERRY CERAMIC TRINKET BOX",SWEETHEART CERAMIC TRINKET BOX,115,0.82%,0.5157,9.0135
"HOT WATER BOTTLE TEA AND SYMPATHY, RED WOOLLY HOTTIE WHITE HEART.",CHOCOLATE HOT WATER BOTTLE,100,0.71%,0.5155,9.1689
"LUNCH BAG SUKI  DESIGN, LUNCH BAG WOODLAND",LUNCH BAG RED SPOTTY,167,1.19%,0.5154,6.8675
"JUMBO BAG RED RETROSPOT, JUMBO BAG SCANDINAVIAN PAISLEY",JUMBO BAG PINK VINTAGE PAISLEY,102,0.72%,0.5152,11.4686
"PACK OF 60 DINOSAUR CAKE CASES, PACK OF 72 SKULL CAKE CASES",PACK OF 60 PINK PAISLEY CAKE CASES,122,0.87%,0.5148,7.8385
"JUMBO BAG PINK VINTAGE PAISLEY, JUMBO BAG SCANDINAVIAN PAISLEY",JUMBO BAG STRAWBERRY,158,1.12%,0.5147,8.3233
"LUNCH BAG CARS BLUE, LUNCH BAG SPACEBOY DESIGN",LUNCH BAG  BLACK SKULL.,161,1.14%,0.5144,7.5154
WOOD 2 DRAWER CABINET WHITE FINISH,WOODEN FRAME ANTIQUE WHITE,297,2.11%,0.5138,7.2880
"JUMBO BAG PINK WITH WHITE SPOTS, JUMBO BAG STRAWBERRY",JUMBO STORAGE BAG SUKI,147,1.04%,0.5104,7.4808
FELTCRAFT DOLL ROSIE,FELTCRAFT DOLL MOLLY,223,1.58%,0.5103,17.2593
"JUMBO BAG PINK VINTAGE PAISLEY, JUMBO BAG RED RETROSPOT",JUMBO SHOPPER VINTAGE RED PAISLEY,100,0.71%,0.5102,7.8799
"JUMBO STORAGE BAG SUKI, LUNCH BAG RED SPOTTY",LUNCH BAG PINK RETROSPOT,103,0.73%,0.5099,9.8820
"JUMBO BAG SCANDINAVIAN PAISLEY, JUMBO SHOPPER VINTAGE RED PAISLEY",JUMBO STORAGE BAG SUKI,131,0.93%,0.5097,7.4707
"LUNCH BAG  BLACK SKULL., LUNCH BAG WOODLAND",LUNCH BAG RED SPOTTY,168,1.19%,0.5091,6.7831
"WOOD 2 DRAWER CABINET WHITE FINISH, WOOD S/3 CABINET ANT WHITE FINISH, WOODEN FRAME ANTIQUE WHITE","WHITE HANGING HEART T-LIGHT HOLDER, WOODEN PICTURE FRAME WHITE FINISH",114,0.81%,0.5089,18.6961
"WOOD S/3 CABINET ANT WHITE FINISH, WOODEN FRAME ANTIQUE WHITE, WOODEN PICTURE FRAME WHITE FINISH","WHITE HANGING HEART T-LIGHT HOLDER, WOOD 2 DRAWER CABINET WHITE FINISH",114,0.81%,0.5089,26.3258
"60 TEATIME FAIRY CAKE CASES, PACK OF 60 PINK PAISLEY CAKE CASES",PACK OF 72 RETRO SPOT CAKE CASES,238,1.69%,0.5085,6.1950
"LUNCH BAG  BLACK SKULL., LUNCH BAG PINK RETROSPOT",LUNCH BAG WOODLAND,146,1.04%,0.5069,9.0978
"60 TEATIME FAIRY CAKE CASES, 72 SWEETHEART FAIRY CAKE CASES",PACK OF 72 RETRO SPOT CAKE CASES,183,1.30%,0.5069,6.1753
"JUMBO  BAG BAROQUE BLACK WHITE, JUMBO BAG SCANDINAVIAN PAISLEY",JUMBO STORAGE BAG SUKI,113,0.80%,0.5067,7.4267
PACK OF 60 PINK PAISLEY CAKE CASES,60 TEATIME FAIRY CAKE CASES,468,3.33%,0.5065,6.2898
"JUMBO  BAG BAROQUE BLACK WHITE, JUMBO BAG PINK VINTAGE PAISLEY",JUMBO STORAGE BAG SUKI,100,0.71%,0.5051,7.4021
"JUMBO  BAG BAROQUE BLACK WHITE, JUMBO BAG STRAWBERRY",JUMBO STORAGE BAG SUKI,153,1.09%,0.5050,7.4007
"LUNCH BAG  BLACK SKULL., LUNCH BAG SPACEBOY DESIGN, LUNCH BAG SUKI  DESIGN",LUNCH BAG RED SPOTTY,106,0.75%,0.5048,6.7254
"LUNCH BAG CARS BLUE, LUNCH BAG SUKI  DESIGN",LUNCH BAG  BLACK SKULL.,184,1.31%,0.5041,7.3653
"WHITE HANGING HEART T-LIGHT HOLDER, WOOD 2 DRAWER CABINET WHITE FINISH","WOODEN FRAME ANTIQUE WHITE, WOODEN PICTURE FRAME WHITE FINISH",137,0.97%,0.5037,12.7919
"PLASTERS IN TIN CIRCUS PARADE, PLASTERS IN TIN SPACEBOY",PLASTERS IN TIN WOODLAND ANIMALS,145,1.03%,0.5035,13.3155
"LUNCH BAG PINK RETROSPOT, LUNCH BAG SUKI  DESIGN",LUNCH BAG CARS BLUE,165,1.17%,0.5030,8.3564
"PACK OF 60 PINK PAISLEY CAKE CASES, PACK OF 60 SPACEBOY CAKE CASES",PACK OF 72 RETRO SPOT CAKE CASES,103,0.73%,0.5024,6.1206
"LUNCH BAG CARS BLUE, LUNCH BAG SUKI  DESIGN",LUNCH BAG WOODLAND,183,1.30%,0.5014,8.9978
JUMBO STORAGE BAG SKULLS,JUMBO STORAGE BAG SUKI,273,1.94%,0.5000,7.3281
"LUNCH BAG CARS BLUE, LUNCH BAG RED SPOTTY",LUNCH BAG WOODLAND,186,1.32%,0.5000,8.9732
"JUMBO BAG SPACEBOY DESIGN, JUMBO SHOPPER VINTAGE RED PAISLEY",JUMBO BAG PINK WITH WHITE SPOTS,101,0.72%,0.5000,9.9364
"JUMBO BAG PINK WITH WHITE SPOTS, JUMBO SHOPPER VINTAGE RED PAISLEY",JUMBO BAG STRAWBERRY,130,0.92%,0.5000,8.0862
